<?xml version="1.0" encoding="UTF-8"?>
<beans xmlns="http://www.springframework.org/schema/beans"
	xmlns:xsi="http://www.w3.org/2001/XMLSchema-instance" xmlns:p="http://www.springframework.org/schema/p"
	xmlns:context="http://www.springframework.org/schema/context"
	xsi:schemaLocation="
    http://www.springframework.org/schema/beans 
    http://www.springframework.org/schema/beans/spring-beans-2.5.xsd
    http://www.springframework.org/schema/context 
    http://www.springframework.org/schema/context/spring-context-2.5.xsd">
    <bean id="advice" class="log.LogAdvice" />
    <bean id="target" class="log.LoginImpl"/>
	<bean id="CGLIBProxyFactoryBean" class="org.springframework.aop.framework.ProxyFactoryBean">
		<property name="interceptorNames">
			<list>
				<value>advice</value>
			</list>
		</property>
		<property name="target" ref="target"/>
		<property name="proxyTargetClass" value="true"></property>
	</bean>
</beans>